{
  "low_market": {
    "725_TEU": {
      "mean": 5140.316455696203,
      "std": 898.9889815936835,
      "min": 3400.0,
      "max": 8262.5,
      "n_obs": 158
    },
    "1000_TEU": {
      "mean": 6483.694620253164,
      "std": 1361.253113389612,
      "min": 3900.0,
      "max": 10500.0,
      "n_obs": 158
    },
    "1700_TEU": {
      "mean": 7859.034810126583,
      "std": 2043.9697840427827,
      "min": 4200.0,
      "max": 13612.5,
      "n_obs": 158
    },
    "2000_TEU": {
      "mean": 7932.768987341772,
      "std": 2223.905720774143,
      "min": 4300.0,
      "max": 16000.0,
      "n_obs": 158
    },
    "2750_TEU": {
      "mean": 9350.253164556962,
      "std": 3493.287377673844,
      "min": 4500.0,
      "max": 19500.0,
      "n_obs": 158
    }
  },
  "normal_market": {
    "725_TEU": {
      "mean": 9791.25,
      "std": 834.9644453508186,
      "min": 8875.0,
      "max": 11062.5,
      "n_obs": 10
    },
    "1000_TEU": {
      "mean": 12333.75,
      "std": 811.2920507848371,
      "min": 11375.0,
      "max": 13650.0,
      "n_obs": 10
    },
    "1700_TEU": {
      "mean": 14593.75,
      "std": 1267.451100305912,
      "min": 12625.0,
      "max": 16775.0,
      "n_obs": 10
    },
    "2000_TEU": {
      "mean": 15088.0,
      "std": 1249.1840670346917,
      "min": 13375.0,
      "max": 17125.0,
      "n_obs": 10
    },
    "2750_TEU": {
      "mean": 19237.5,
      "std": 1904.900478590242,
      "min": 17125.0,
      "max": 23625.0,
      "n_obs": 10
    }
  },
  "high_market": {
    "725_TEU": {
      "mean": 10066.725352112677,
      "std": 1957.0751952644837,
      "min": 7210.0,
      "max": 17350.0,
      "n_obs": 71
    },
    "1000_TEU": {
      "mean": 14516.549295774648,
      "std": 3165.8901751492645,
      "min": 10000.0,
      "max": 26400.0,
      "n_obs": 71
    },
    "1700_TEU": {
      "mean": 21711.901408450703,
      "std": 5976.940695957924,
      "min": 12800.0,
      "max": 36250.0,
      "n_obs": 71
    },
    "2000_TEU": {
      "mean": 23302.781690140844,
      "std": 5685.9385697980515,
      "min": 14800.0,
      "max": 39250.0,
      "n_obs": 71
    },
    "2750_TEU": {
      "mean": 30647.183098591548,
      "std": 7483.157635765149,
      "min": 18750.0,
      "max": 54000.0,
      "n_obs": 71
    }
  },
  "crisis": {
    "725_TEU": {
      "mean": 22950.0,
      "std": 1315.7697366940768,
      "min": 21200.0,
      "max": 25200.0,
      "n_obs": 13
    },
    "1000_TEU": {
      "mean": 36547.11538461538,
      "std": 2870.064394993648,
      "min": 32100.0,
      "max": 41000.0,
      "n_obs": 13
    },
    "1700_TEU": {
      "mean": 55200.0,
      "std": 6220.687512244928,
      "min": 46900.0,
      "max": 65000.0,
      "n_obs": 13
    },
    "2000_TEU": {
      "mean": 61757.692307692305,
      "std": 3864.9585570140202,
      "min": 53500.0,
      "max": 67100.0,
      "n_obs": 13
    },
    "2750_TEU": {
      "mean": 77970.19230769231,
      "std": 4090.2498983276355,
      "min": 70375.0,
      "max": 82625.0,
      "n_obs": 13
    }
  }
}